,City,Cloudiness,Country,Date,Humidity,Latitude,Longitude,Maximum Temperature,Wind Speed
0,Yumen,0%,CN,2019-07-11,24%,40.29°,97.04°,75.83°F,5.84 mph
1,Quisqueya,40%,DO,2019-07-11,62%,18.55°,-69.41°,87.8°F,5.82 mph
2,Aklavik,75%,CA,2019-07-11,57%,68.22°,-135.01°,51.8°F,13.87 mph
3,Mar del Plata,0%,AR,2019-07-11,66%,-46.43°,-67.52°,41.09°F,6.04 mph
4,Busselton,78%,AU,2019-07-11,78%,-33.64°,115.35°,45.0°F,8.77 mph
5,Renqiu,0%,CN,2019-07-11,43%,38.71°,116.1°,83.03°F,7.14 mph
6,Hobart,75%,AU,2019-07-11,70%,-42.88°,147.33°,46.4°F,14.99 mph
7,Lebu,75%,ET,2019-07-11,87%,8.96°,38.73°,55.4°F,11.41 mph
8,Koumra,96%,TD,2019-07-11,95%,8.92°,17.55°,68.63°F,4.16 mph
9,Havre-Saint-Pierre,20%,CA,2019-07-11,67%,50.23°,-63.6°,59.0°F,6.93 mph
10,Port Keats,38%,AU,2019-07-11,53%,-14.25°,129.55°,74.03°F,12.12 mph
11,Punta Arenas,90%,CL,2019-07-11,86%,-53.16°,-70.91°,41.0°F,14.99 mph
12,Yellowknife,90%,CA,2019-07-11,93%,62.45°,-114.38°,57.2°F,4.7 mph
13,Nioro,100%,GM,2019-07-11,62%,13.79°,-15.05°,79.97°F,12.01 mph
14,Rikitea,22%,PF,2019-07-11,80%,-23.12°,-134.97°,73.67°F,17.36 mph
15,San Patricio,25%,PY,2019-07-11,79%,-26.98°,-56.83°,67.91°F,6.85 mph
16,Atuona,15%,PF,2019-07-11,77%,-9.8°,-139.03°,81.41°F,18.5 mph
17,Ushuaia,75%,AR,2019-07-11,93%,-54.81°,-68.31°,37.4°F,20.8 mph
18,Norman Wells,75%,CA,2019-07-11,66%,65.28°,-126.83°,53.6°F,13.87 mph
19,Jamestown,76%,AU,2019-07-11,79%,-33.21°,138.6°,51.89°F,21.05 mph
20,Alofi,75%,NU,2019-07-11,83%,-19.06°,-169.92°,78.8°F,16.11 mph
21,Khatanga,50%,RU,2019-07-11,52%,71.98°,102.47°,52.79°F,10.16 mph
22,Chuy,100%,UY,2019-07-11,81%,-33.69°,-53.46°,57.47°F,9.53 mph
23,Port Alfred,14%,ZA,2019-07-11,81%,-33.59°,26.89°,63.0°F,5.99 mph
24,Thompson,75%,CA,2019-07-11,82%,55.74°,-97.86°,59.0°F,5.08 mph
25,Bredasdorp,51%,ZA,2019-07-11,87%,-34.53°,20.04°,57.2°F,6.93 mph
26,Port-Gentil,20%,GA,2019-07-11,88%,-0.72°,8.78°,77.0°F,5.82 mph
27,Vao,37%,EE,2019-07-11,79%,59.1°,26.19°,45.41°F,3.04 mph
28,Mandalgovi,99%,MN,2019-07-11,39%,45.76°,106.27°,72.41°F,12.68 mph
29,Fujin,38%,CN,2019-07-11,68%,47.24°,132.03°,71.33°F,3.83 mph
30,Puerto Ayora,20%,EC,2019-07-11,57%,-0.74°,-90.35°,80.6°F,16.11 mph
31,Lismore,0%,AU,2019-07-11,87%,-28.81°,153.28°,62.01°F,6.93 mph
32,Kosh-Agach,100%,RU,2019-07-11,86%,49.99°,88.66°,47.03°F,0.85 mph
33,Port Elizabeth,90%,US,2019-07-11,88%,39.31°,-74.98°,82.99°F,19.46 mph
34,Harer,1%,US,2019-07-11,18%,42.19°,-111.17°,93.99°F,10.29 mph
35,Baherden,0%,TM,2019-07-11,27%,38.44°,57.43°,79.07°F,5.03 mph
36,Vestmannaeyjar,100%,IS,2019-07-11,90%,63.44°,-20.27°,53.33°F,10.58 mph
37,Hay River,75%,CA,2019-07-11,30%,60.82°,-115.79°,80.6°F,10.29 mph
38,Arman,0%,RU,2019-07-11,50%,59.7°,150.17°,74.93°F,5.57 mph
39,Graham,40%,US,2019-07-11,59%,33.11°,-98.59°,91.4°F,9.17 mph
40,Guozhen,100%,CN,2019-07-11,97%,29.3°,113.14°,72.59°F,9.31 mph
41,Laguna,40%,BZ,2019-07-11,66%,16.17°,-88.94°,89.6°F,6.93 mph
42,Toktogul,45%,KG,2019-07-11,45%,41.87°,72.95°,57.65°F,7.23 mph
43,Omboue,100%,GA,2019-07-11,90%,-1.57°,9.26°,73.31°F,7.43 mph
44,Bilibino,47%,RU,2019-07-11,27%,68.06°,166.44°,79.43°F,10.54 mph
45,Tiksi,99%,RU,2019-07-11,76%,71.64°,128.87°,47.75°F,19.06 mph
46,Tura,100%,RU,2019-07-11,80%,64.27°,100.22°,56.57°F,12.03 mph
47,Lompoc,75%,US,2019-07-11,82%,34.64°,-120.46°,87.8°F,11.41 mph
48,Melfi,75%,IT,2019-07-11,88%,41.0°,15.66°,64.4°F,5.82 mph
49,Hammerfest,0%,NO,2019-07-11,70%,70.66°,23.68°,48.2°F,3.36 mph
50,Vardo,1%,US,2019-07-11,88%,39.62°,-77.74°,75.2°F,4.7 mph
51,Kapaa,75%,US,2019-07-11,74%,22.08°,-159.32°,84.2°F,11.41 mph
52,Iskateley,100%,RU,2019-07-11,85%,67.68°,53.15°,47.57°F,11.48 mph
53,Nalut,0%,LY,2019-07-11,63%,31.86°,10.98°,76.37°F,4.85 mph
54,Vaini,98%,IN,2019-07-11,92%,15.34°,74.49°,76.19°F,1.86 mph
55,Waihi Beach,100%,NZ,2019-07-11,92%,-37.4°,175.93°,55.99°F,7.43 mph
56,Renfrew,28%,CA,2019-07-11,92%,45.47°,-76.68°,70.0°F,4.85 mph
57,Villa Carlos Paz,89%,AR,2019-07-11,72%,-31.42°,-64.5°,62.6°F,3.36 mph
58,San Matias,0%,BO,2019-07-11,38%,-16.36°,-58.4°,77.09°F,7.05 mph
59,Rawson,0%,AR,2019-07-11,53%,-43.3°,-65.11°,45.41°F,4.61 mph
60,Carnarvon,0%,ZA,2019-07-11,31%,-30.97°,22.13°,48.83°F,6.13 mph
61,Yatou,75%,CM,2019-07-11,100%,3.63°,9.81°,75.2°F,2.24 mph
62,Albany,90%,US,2019-07-11,83%,42.65°,-73.75°,80.6°F,5.82 mph
63,Te Anau,100%,NZ,2019-07-11,94%,-45.41°,167.72°,41.45°F,1.43 mph
64,East London,0%,ZA,2019-07-11,76%,-33.02°,27.91°,54.59°F,9.31 mph
65,Kolosovka,100%,RU,2019-07-11,85%,56.47°,73.61°,60.71°F,9.24 mph
66,Flinders,40%,AU,2019-07-11,54%,-34.58°,150.85°,61.0°F,6.93 mph
67,Nikolskoye,0%,RU,2019-07-11,75%,59.7°,30.79°,44.6°F,2.24 mph
68,Bluff,0%,AU,2019-07-11,37%,-23.58°,149.07°,67.55°F,2.91 mph
69,Hithadhoo,21%,MV,2019-07-11,73%,-0.6°,73.08°,84.11°F,10.78 mph
70,Bathsheba,75%,BB,2019-07-11,74%,13.22°,-59.52°,82.4°F,16.11 mph
71,Ilulissat,40%,GL,2019-07-11,75%,69.22°,-51.1°,46.4°F,5.82 mph
72,Upernavik,16%,GL,2019-07-11,86%,72.79°,-56.15°,45.05°F,7.49 mph
73,Fairbanks,90%,US,2019-07-11,39%,64.84°,-147.72°,81.0°F,9.17 mph
74,Lorengau,68%,PG,2019-07-11,74%,-2.02°,147.27°,81.59°F,16.91 mph
75,Saint George,40%,GR,2019-07-11,77%,39.45°,22.34°,68.0°F,1.97 mph
76,Broken Hill,1%,AU,2019-07-11,71%,-31.97°,141.45°,50.0°F,13.87 mph
77,Sakharovo,97%,RU,2019-07-11,80%,56.9°,36.05°,45.95°F,2.95 mph
78,Tasiilaq,11%,GL,2019-07-11,72%,65.61°,-37.64°,35.33°F,3.62 mph
79,Baker City,40%,US,2019-07-11,35%,44.77°,-117.83°,87.8°F,10.29 mph
80,La Ronge,75%,CA,2019-07-11,72%,55.1°,-105.3°,64.4°F,2.24 mph
81,Tambo,0%,PE,2019-07-11,11%,-12.95°,-74.02°,68.0°F,2.24 mph
82,Geraldton,40%,CA,2019-07-11,49%,49.72°,-86.95°,73.4°F,3.36 mph
83,Jilib,43%,SO,2019-07-11,95%,0.49°,42.79°,72.23°F,3.78 mph
84,Georgetown,40%,GY,2019-07-11,78%,6.8°,-58.16°,82.4°F,4.7 mph
85,Mataura,100%,NZ,2019-07-11,80%,-46.19°,168.86°,46.0°F,4.0 mph
86,Yilan,100%,CN,2019-07-11,97%,43.11°,129.52°,59.63°F,2.57 mph
87,Wonthaggi,100%,AU,2019-07-11,91%,-38.6°,145.59°,54.0°F,21.3 mph
88,Tecoanapa,40%,MX,2019-07-11,70%,16.99°,-99.26°,87.8°F,8.05 mph
89,Butaritari,33%,KI,2019-07-11,76%,3.07°,172.79°,84.47°F,12.03 mph
90,Salalah,90%,OM,2019-07-11,94%,17.01°,54.1°,80.6°F,6.93 mph
91,Cabo San Lucas,5%,MX,2019-07-11,55%,22.89°,-109.91°,98.01°F,6.93 mph
92,Lata,57%,IN,2019-07-11,89%,30.78°,78.62°,44.69°F,1.86 mph
93,Dikson,78%,RU,2019-07-11,94%,73.51°,80.55°,34.43°F,10.27 mph
94,Paamiut,48%,GL,2019-07-11,90%,61.99°,-49.67°,43.07°F,7.09 mph
95,Yalova,20%,TR,2019-07-11,77%,40.66°,29.27°,64.4°F,3.36 mph
96,Baykit,0%,RU,2019-07-11,53%,61.68°,96.39°,56.39°F,8.41 mph
97,Samfya,3%,ZM,2019-07-11,68%,-11.37°,29.56°,49.01°F,3.49 mph
98,Tondano,40%,ID,2019-07-11,83%,1.3°,124.91°,77.0°F,2.24 mph
99,Cidreira,85%,BR,2019-07-11,76%,-30.17°,-50.22°,60.71°F,8.03 mph
100,Marfino,75%,RU,2019-07-11,93%,56.07°,37.56°,53.6°F,8.95 mph
101,Bethel,90%,US,2019-07-11,77%,60.79°,-161.76°,69.8°F,4.7 mph
102,Loreto,21%,PY,2019-07-11,50%,-23.27°,-57.32°,74.03°F,7.87 mph
103,Constitucion,75%,MX,2019-07-11,43%,23.99°,-104.67°,77.0°F,12.75 mph
104,Portland,90%,US,2019-07-11,93%,43.66°,-70.25°,70.0°F,5.82 mph
105,Ngunguru,100%,NZ,2019-07-11,96%,-35.62°,174.5°,57.99°F,11.01 mph
106,Cape Town,75%,ZA,2019-07-11,100%,-33.93°,18.42°,59.0°F,11.41 mph
107,Isangel,75%,VU,2019-07-11,78%,-19.55°,169.27°,77.0°F,3.36 mph
108,Macusani,0%,PE,2019-07-11,68%,-14.07°,-70.43°,30.47°F,1.77 mph
109,Gat,64%,SN,2019-07-11,78%,14.69°,-16.54°,75.2°F,6.93 mph
110,Altay,80%,CN,2019-07-11,71%,47.83°,88.13°,52.25°F,3.8 mph
111,Hilo,1%,US,2019-07-11,54%,19.71°,-155.08°,84.2°F,8.05 mph
112,Moose Factory,1%,CA,2019-07-11,51%,51.26°,-80.61°,62.6°F,12.75 mph
113,Nizhniy Ingash,58%,RU,2019-07-11,65%,56.2°,96.53°,61.43°F,3.65 mph
114,San Cristobal,46%,HN,2019-07-11,68%,14.68°,-86.92°,73.67°F,9.69 mph
115,Dingle,69%,PH,2019-07-11,83%,11.0°,122.67°,79.97°F,3.31 mph
116,Buta,100%,CD,2019-07-11,98%,2.79°,24.73°,68.45°F,0.4 mph
117,Verkhnyaya Toyma,11%,RU,2019-07-11,97%,62.24°,45.0°,36.41°F,2.1 mph
118,Saint-Philippe,90%,CA,2019-07-11,100%,45.36°,-73.48°,80.6°F,3.36 mph
119,Avarua,5%,CK,2019-07-11,76%,-21.21°,-159.78°,73.31°F,2.82 mph
120,Huanren,68%,CN,2019-07-11,81%,41.26°,125.37°,69.17°F,1.07 mph
121,Nipawin,75%,CA,2019-07-11,82%,53.36°,-104.02°,66.2°F,3.36 mph
122,Tigil,40%,RU,2019-07-11,55%,57.8°,158.67°,71.15°F,4.41 mph
123,Samarai,99%,PG,2019-07-11,71%,-10.62°,150.67°,74.93°F,10.63 mph
124,Gunjur,40%,GM,2019-07-11,78%,13.18°,-16.76°,80.6°F,3.36 mph
125,Ribeira Grande,0%,PT,2019-07-11,82%,38.52°,-28.7°,71.15°F,3.49 mph
126,Terrace,90%,CA,2019-07-11,77%,54.52°,-128.61°,66.0°F,2.24 mph
127,Los Llanos de Aridane,5%,ES,2019-07-11,68%,28.66°,-17.92°,71.6°F,9.17 mph
128,Neuenkirch,75%,CH,2019-07-11,82%,47.1°,8.2°,62.01°F,4.72 mph
129,Rocha,100%,UY,2019-07-11,94%,-34.48°,-54.34°,55.31°F,7.49 mph
130,Kaseda,75%,JP,2019-07-11,94%,31.42°,130.32°,71.6°F,4.7 mph
131,Zhigansk,88%,RU,2019-07-11,38%,66.77°,123.37°,80.69°F,10.78 mph
132,Port Macquarie,0%,AU,2019-07-11,66%,-31.43°,152.91°,64.0°F,5.82 mph
133,Belyy Yar,0%,RU,2019-07-11,82%,53.6°,91.39°,59.0°F,6.71 mph
134,Thunder Bay,75%,CA,2019-07-11,53%,48.41°,-89.26°,77.0°F,10.29 mph
135,Katsuura,90%,JP,2019-07-11,94%,33.93°,134.5°,77.0°F,4.7 mph
136,Namibe,44%,AO,2019-07-11,84%,-15.19°,12.15°,64.67°F,12.86 mph
137,Klaksvik,28%,FO,2019-07-11,100%,62.23°,-6.59°,50.0°F,10.29 mph
138,Leningradskiy,3%,RU,2019-07-11,67%,69.38°,178.42°,51.89°F,10.16 mph
139,Srednekolymsk,9%,RU,2019-07-11,31%,67.46°,153.71°,85.55°F,8.14 mph
140,Port-Cartier,90%,CA,2019-07-11,71%,50.03°,-66.88°,57.99°F,12.75 mph
141,Carlow,75%,IE,2019-07-11,87%,52.84°,-6.93°,62.01°F,9.17 mph
142,Victoria,75%,BN,2019-07-11,88%,5.28°,115.24°,78.8°F,2.24 mph
143,Erenhot,10%,CN,2019-07-11,31%,43.65°,111.97°,77.81°F,3.33 mph
144,Ruteng,37%,ID,2019-07-11,67%,-8.61°,120.46°,73.67°F,4.16 mph
145,Mount Isa,87%,AU,2019-07-11,33%,-20.73°,139.49°,59.0°F,6.93 mph
146,Springfield,40%,US,2019-07-11,69%,42.1°,-72.59°,78.01°F,12.75 mph
147,Zhoucun,100%,CN,2019-07-11,65%,35.48°,112.62°,73.67°F,0.96 mph
148,Tallahassee,1%,US,2019-07-11,88%,30.44°,-84.28°,88.0°F,3.36 mph
149,Batagay-Alyta,100%,RU,2019-07-11,49%,67.8°,130.41°,67.01°F,4.88 mph
150,Biltine,100%,TD,2019-07-11,58%,14.53°,20.93°,82.49°F,14.25 mph
151,Maumere,22%,ID,2019-07-11,70%,-8.63°,122.22°,75.83°F,3.13 mph
152,Nouakchott,0%,MR,2019-07-11,83%,18.08°,-15.98°,75.2°F,11.41 mph
153,Wagar,86%,US,2019-07-11,68%,31.44°,-87.99°,91.0°F,3.0 mph
154,Tuktoyaktuk,90%,CA,2019-07-11,86%,69.44°,-133.03°,39.2°F,16.11 mph
155,Darhan,5%,MN,2019-07-11,78%,49.49°,105.92°,66.11°F,9.98 mph
156,Ahipara,100%,NZ,2019-07-11,84%,-35.17°,173.16°,60.53°F,21.61 mph
157,Coahuayana,96%,MX,2019-07-11,82%,18.62°,-100.35°,81.95°F,2.24 mph
158,Loa Janan,24%,ID,2019-07-11,94%,-0.58°,117.09°,75.83°F,4.12 mph
159,Kokoda,90%,PG,2019-07-11,51%,-8.88°,147.74°,65.39°F,4.25 mph
160,Churapcha,12%,RU,2019-07-11,53%,62.0°,132.43°,80.87°F,2.04 mph
161,Beyneu,0%,KZ,2019-07-11,27%,45.32°,55.19°,86.63°F,12.77 mph
162,Ampanihy,0%,MG,2019-07-11,89%,-24.69°,44.75°,59.09°F,3.56 mph
163,Marawi,91%,PH,2019-07-11,84%,8.0°,124.29°,75.99°F,7.0 mph
164,Arraial do Cabo,0%,BR,2019-07-11,93%,-22.97°,-42.02°,62.6°F,5.82 mph
165,Lavrentiya,7%,RU,2019-07-11,33%,65.58°,-170.99°,73.67°F,8.7 mph
166,Viedma,100%,AR,2019-07-11,73%,-40.81°,-62.99°,48.65°F,2.66 mph
167,Aguas Formosas,1%,BR,2019-07-11,96%,-17.08°,-40.94°,60.35°F,1.45 mph
168,Dalianwan,0%,CN,2019-07-11,78%,39.03°,121.69°,84.0°F,2.24 mph
169,Grindavik,90%,IS,2019-07-11,93%,63.84°,-22.43°,55.4°F,4.7 mph
170,Ulety,66%,RU,2019-07-11,75%,51.36°,112.48°,65.75°F,2.17 mph
171,Elban,99%,RU,2019-07-11,98%,50.1°,136.51°,65.75°F,6.29 mph
172,Severo-Kurilsk,97%,RU,2019-07-11,96%,50.68°,156.12°,43.25°F,7.92 mph
173,Tigard,75%,US,2019-07-11,44%,45.43°,-122.77°,81.0°F,8.05 mph
174,Vidim,0%,CZ,2019-07-11,63%,50.47°,14.53°,66.2°F,9.17 mph
175,Touros,40%,BR,2019-07-11,88%,-5.2°,-35.46°,75.2°F,3.36 mph
176,Clyde River,90%,CA,2019-07-11,81%,70.47°,-68.59°,50.0°F,19.46 mph
177,Bambous Virieux,20%,MU,2019-07-11,88%,-20.34°,57.76°,68.0°F,4.7 mph
178,Mahebourg,20%,MU,2019-07-11,88%,-20.41°,57.7°,68.0°F,4.7 mph
179,Pevek,50%,RU,2019-07-11,73%,69.7°,170.27°,47.39°F,5.08 mph
180,Dunedin,97%,NZ,2019-07-11,87%,-45.87°,170.5°,48.0°F,21.99 mph
181,Husavik,87%,CA,2019-07-11,44%,50.56°,-96.99°,84.0°F,8.01 mph
182,Mitu,0%,IR,2019-07-11,24%,36.2°,46.09°,63.59°F,3.71 mph
183,Pudozh,19%,RU,2019-07-11,98%,61.81°,36.54°,36.23°F,2.95 mph
184,Yinchuan,93%,CN,2019-07-11,33%,38.48°,106.21°,78.01°F,1.99 mph
185,Alihe,78%,CN,2019-07-11,50%,50.57°,123.73°,74.03°F,2.95 mph
186,Kaitangata,100%,NZ,2019-07-11,75%,-46.28°,169.85°,46.0°F,4.59 mph
187,Westport,75%,US,2019-07-11,94%,41.14°,-73.36°,77.0°F,5.82 mph
188,Alugan,65%,PH,2019-07-11,89%,12.22°,125.48°,77.63°F,2.48 mph
189,Chara,40%,GR,2019-07-11,77%,39.42°,22.43°,68.0°F,1.97 mph
190,Kodiak,20%,US,2019-07-11,48%,39.95°,-94.76°,86.0°F,10.29 mph
191,Qaanaaq,0%,GL,2019-07-11,48%,77.48°,-69.36°,46.67°F,7.92 mph
192,Airai,0%,TL,2019-07-11,59%,-8.93°,125.41°,75.47°F,1.19 mph
193,Peterhead,75%,AU,2019-07-11,76%,-34.83°,138.5°,57.99°F,17.22 mph
194,Ballachulish,64%,GB,2019-07-11,94%,56.68°,-5.13°,57.99°F,1.43 mph
195,Yarmouth,90%,CA,2019-07-11,67%,43.84°,-66.12°,64.0°F,10.29 mph
196,Kisangani,100%,CD,2019-07-11,98%,0.52°,25.21°,69.71°F,2.64 mph
197,Aldan,1%,RU,2019-07-11,69%,58.61°,125.39°,71.87°F,3.89 mph
198,Kattivakkam,40%,IN,2019-07-11,79%,13.22°,80.32°,84.2°F,6.93 mph
199,Brownsville,1%,US,2019-07-11,56%,25.91°,-97.49°,95.0°F,11.41 mph
200,Russell,1%,US,2019-07-11,35%,38.9°,-98.86°,91.0°F,8.55 mph
201,Vila Velha,40%,BR,2019-07-11,78%,-3.71°,-38.6°,79.0°F,8.05 mph
202,Kruisfontein,36%,ZA,2019-07-11,82%,-34.0°,24.73°,54.95°F,15.03 mph
203,Hermanus,100%,ZA,2019-07-11,97%,-34.42°,19.24°,55.0°F,12.88 mph
204,Esperance,75%,AU,2019-07-11,100%,-33.86°,121.89°,51.8°F,8.05 mph
205,Kenai,90%,US,2019-07-11,77%,60.55°,-151.26°,64.0°F,4.7 mph
206,Fort Morgan,1%,US,2019-07-11,14%,40.25°,-103.8°,100.4°F,7.16 mph
207,Provideniya,75%,RU,2019-07-11,82%,64.42°,-173.23°,55.4°F,11.18 mph
208,Sobolevo,100%,RU,2019-07-11,85%,54.43°,31.9°,49.91°F,6.17 mph
209,Kumluca,0%,TR,2019-07-11,65%,36.37°,30.29°,60.71°F,5.95 mph
210,Champua,88%,IN,2019-07-11,88%,22.04°,85.66°,75.65°F,6.73 mph
211,Buin,29%,CL,2019-07-11,71%,-33.73°,-70.74°,53.6°F,5.82 mph
212,Solnechnyy,100%,RU,2019-07-11,98%,50.72°,136.64°,59.63°F,3.24 mph
213,Blagoyevo,0%,RU,2019-07-11,96%,63.37°,47.92°,37.13°F,4.34 mph
214,Weligama,84%,LK,2019-07-11,78%,5.97°,80.42°,82.85°F,12.48 mph
215,Johor Bahru,75%,MY,2019-07-11,83%,1.5°,103.76°,82.4°F,8.05 mph
216,Port Blair,100%,IN,2019-07-11,81%,11.67°,92.75°,82.49°F,13.35 mph
217,Kjollefjord,0%,NO,2019-07-11,69%,70.95°,27.35°,45.59°F,7.61 mph
218,Krasnoshchekovo,0%,RU,2019-07-11,83%,51.67°,82.73°,58.01°F,12.46 mph
219,Alyangula,100%,AU,2019-07-11,100%,-13.85°,136.42°,68.0°F,16.44 mph
220,Mayumba,100%,GA,2019-07-11,92%,-3.44°,10.65°,72.41°F,7.65 mph
221,Marzuq,94%,YE,2019-07-11,35%,14.4°,46.47°,80.51°F,12.26 mph
222,Hofn,98%,IS,2019-07-11,96%,64.25°,-15.21°,40.73°F,4.76 mph
223,Narsaq,20%,GL,2019-07-11,58%,60.91°,-46.05°,53.6°F,8.05 mph
224,Safford,1%,US,2019-07-11,6%,32.83°,-109.71°,107.6°F,9.17 mph
225,Bukama,15%,CD,2019-07-11,37%,-9.2°,25.85°,65.39°F,2.84 mph
226,Gaogou,100%,CN,2019-07-11,81%,31.12°,117.94°,76.19°F,2.53 mph
227,Kununurra,64%,AU,2019-07-11,55%,-15.77°,128.74°,66.2°F,6.93 mph
228,Berezna,0%,UA,2019-07-11,93%,51.58°,31.79°,52.07°F,4.65 mph
229,Maloy,33%,ID,2019-07-11,87%,1.0°,118.1°,77.27°F,2.19 mph
230,Timra,97%,SE,2019-07-11,87%,62.49°,17.33°,57.0°F,3.36 mph
231,Longyearbyen,75%,NO,2019-07-11,81%,78.22°,15.63°,42.8°F,14.99 mph
232,Don Sak,20%,TH,2019-07-11,88%,9.32°,99.69°,80.6°F,6.46 mph
233,Barrow,100%,AR,2019-07-11,81%,-38.31°,-60.23°,49.55°F,4.14 mph
234,Mehamn,0%,NO,2019-07-11,72%,71.03°,27.85°,42.89°F,6.44 mph
235,Talnakh,0%,RU,2019-07-11,71%,69.49°,88.39°,53.6°F,8.95 mph
236,Sumkino,57%,RU,2019-07-11,94%,58.11°,68.32°,61.61°F,2.8 mph
237,Gusau,88%,NG,2019-07-11,80%,12.17°,6.66°,74.03°F,15.26 mph
238,Muros,75%,ES,2019-07-11,100%,42.77°,-9.06°,70.0°F,2.24 mph
239,Krasnoye,75%,RU,2019-07-11,100%,44.87°,39.46°,62.01°F,6.71 mph
240,Saskylakh,100%,RU,2019-07-11,72%,71.97°,114.09°,56.21°F,15.03 mph
241,Wodonga,90%,AU,2019-07-11,87%,-36.12°,146.89°,51.8°F,11.41 mph
242,Bo Phloi,100%,TH,2019-07-11,84%,14.32°,99.52°,76.01°F,2.95 mph
243,Labuhan,2%,ID,2019-07-11,85%,-2.54°,115.51°,75.65°F,0.85 mph
244,Basqal,0%,AZ,2019-07-11,73%,40.75°,48.39°,73.4°F,3.36 mph
245,Vozhega,4%,RU,2019-07-11,96%,60.47°,40.21°,36.59°F,2.35 mph
246,Manjeshwar,40%,IN,2019-07-11,88%,12.72°,74.89°,75.2°F,9.53 mph
247,Sao Joao da Barra,0%,BR,2019-07-11,77%,-21.64°,-41.05°,69.8°F,4.7 mph
248,Victor Harbor,75%,AU,2019-07-11,76%,-35.55°,138.62°,57.2°F,17.22 mph
249,Valera,94%,VE,2019-07-11,68%,9.31°,-70.61°,82.31°F,3.42 mph
250,Auki,88%,NG,2019-07-11,80%,12.18°,6.51°,74.03°F,15.26 mph
251,Nouadhibou,13%,MR,2019-07-11,77%,20.93°,-17.03°,69.8°F,16.11 mph
252,Putina,0%,PE,2019-07-11,15%,-14.91°,-69.87°,57.2°F,10.29 mph
253,Faya,20%,SA,2019-07-11,49%,18.39°,42.45°,73.4°F,4.7 mph
254,Mvuma,0%,ZW,2019-07-11,40%,-19.28°,30.53°,49.55°F,5.28 mph
255,Eureka,1%,US,2019-07-11,77%,40.8°,-124.16°,68.0°F,16.11 mph
256,Qostanay,0%,KZ,2019-07-11,72%,53.17°,63.58°,64.4°F,7.36 mph
257,Paulista,86%,BR,2019-07-11,71%,-6.6°,-37.62°,74.75°F,4.36 mph
258,Hervey Bay,0%,AU,2019-07-11,62%,-25.3°,152.85°,73.0°F,6.93 mph
259,Torbay,90%,CA,2019-07-11,100%,47.66°,-52.73°,48.0°F,9.17 mph
260,Skibbereen,75%,IE,2019-07-11,82%,51.55°,-9.27°,60.8°F,4.7 mph
261,Llanes,0%,ES,2019-07-11,10%,43.42°,-4.75°,72.0°F,1.54 mph
262,Dire,75%,ET,2019-07-11,87%,9.18°,38.92°,55.4°F,11.41 mph
263,Dogondoutchi,82%,NE,2019-07-11,60%,13.64°,4.03°,84.83°F,18.88 mph
264,Puksoozero,40%,RU,2019-07-11,98%,62.59°,40.61°,35.69°F,5.08 mph
265,Ketchikan,90%,US,2019-07-11,93%,55.34°,-131.65°,62.6°F,14.99 mph
266,Hamilton,75%,CA,2019-07-11,61%,43.26°,-79.87°,80.6°F,12.75 mph
267,Karimganj,100%,IN,2019-07-11,97%,24.86°,92.37°,75.65°F,5.91 mph
268,Faanui,1%,PF,2019-07-11,69%,-16.48°,-151.75°,78.17°F,7.29 mph
269,New Norfolk,75%,AU,2019-07-11,70%,-42.78°,147.06°,46.4°F,14.99 mph
270,Kavieng,100%,PG,2019-07-11,79%,-2.57°,150.8°,82.13°F,17.49 mph
271,Ancud,75%,CL,2019-07-11,100%,-41.87°,-73.83°,46.4°F,9.17 mph
272,Khonsa,100%,IN,2019-07-11,98%,26.99°,95.51°,68.81°F,2.33 mph
273,Miri,74%,NG,2019-07-11,94%,10.31°,9.75°,69.35°F,4.38 mph
274,Maceio,75%,BR,2019-07-11,88%,-9.67°,-35.74°,73.4°F,2.24 mph
275,Berberati,99%,CF,2019-07-11,98%,4.26°,15.79°,66.11°F,3.02 mph
276,Lubao,36%,CD,2019-07-11,39%,-5.39°,25.75°,71.69°F,3.47 mph
277,Calabozo,11%,VE,2019-07-11,84%,8.92°,-67.43°,76.01°F,2.01 mph
278,Mazyr,18%,BY,2019-07-11,97%,52.05°,29.27°,51.53°F,6.26 mph
279,Castro,75%,CL,2019-07-11,100%,-42.48°,-73.76°,46.4°F,9.17 mph
280,Winona,40%,CA,2019-07-11,65%,43.21°,-79.65°,80.01°F,10.29 mph
281,Shu,81%,KZ,2019-07-11,31%,43.6°,73.76°,72.77°F,2.26 mph
282,Jian,100%,IN,2019-07-11,83%,25.65°,87.89°,81.41°F,2.66 mph
283,Tilichiki,93%,RU,2019-07-11,80%,60.47°,166.1°,54.95°F,6.49 mph
284,Sao Gabriel da Cachoeira,27%,BR,2019-07-11,88%,-0.13°,-67.09°,73.13°F,1.23 mph
285,Swellendam,30%,ZA,2019-07-11,87%,-34.02°,20.44°,57.2°F,6.93 mph
286,Lasa,0%,CY,2019-07-11,88%,34.92°,32.53°,80.6°F,3.36 mph
287,Lagoa,0%,PT,2019-07-11,88%,37.14°,-8.45°,71.01°F,4.7 mph
288,La Palma,93%,CO,2019-07-11,79%,5.36°,-74.39°,73.85°F,3.29 mph
289,Shingu,40%,JP,2019-07-11,94%,33.72°,135.99°,77.0°F,2.24 mph
290,College,90%,US,2019-07-11,39%,64.86°,-147.8°,82.0°F,9.17 mph
291,Yuzhno-Kurilsk,100%,RU,2019-07-11,81%,44.03°,145.86°,57.83°F,18.07 mph
292,Grand Gaube,20%,MU,2019-07-11,88%,-20.01°,57.66°,68.0°F,4.7 mph
293,Rocky Mountain House,44%,CA,2019-07-11,84%,52.38°,-114.92°,65.03°F,4.72 mph
294,Yurla,9%,RU,2019-07-11,98%,59.33°,54.32°,49.55°F,5.61 mph
295,Albertville,0%,FR,2019-07-11,82%,45.68°,6.39°,64.4°F,4.7 mph
296,Baglung,100%,NP,2019-07-11,92%,28.27°,83.59°,57.29°F,0.31 mph
297,Lander,1%,US,2019-07-11,10%,42.83°,-108.73°,95.0°F,18.34 mph
298,Kieta,100%,PG,2019-07-11,84%,-6.22°,155.63°,79.97°F,9.8 mph
299,Vytegra,81%,RU,2019-07-11,74%,61.01°,36.45°,48.83°F,8.66 mph
300,Tagusao,100%,PH,2019-07-11,77%,9.19°,117.81°,81.05°F,2.26 mph
301,Livingston,75%,US,2019-07-11,49%,32.58°,-88.19°,98.6°F,6.93 mph
302,Swift Current,20%,CA,2019-07-11,64%,50.29°,-107.8°,73.4°F,13.87 mph
303,Derzhavinsk,35%,KZ,2019-07-11,47%,51.1°,66.31°,72.41°F,6.06 mph
304,Warrnambool,91%,AU,2019-07-11,99%,-38.38°,142.48°,51.01°F,8.99 mph
305,Sechura,18%,PE,2019-07-11,87%,-5.56°,-80.82°,64.67°F,12.84 mph
306,Malanje,0%,AO,2019-07-11,79%,-9.54°,16.35°,58.73°F,4.25 mph
307,Saint Anthony,1%,US,2019-07-11,18%,43.97°,-111.68°,91.4°F,14.99 mph
308,Kholodnyy,100%,RU,2019-07-11,67%,62.72°,147.95°,65.39°F,2.1 mph
309,Garza Garcia,75%,MX,2019-07-11,44%,25.67°,-100.4°,82.4°F,17.22 mph
310,Ponta do Sol,0%,BR,2019-07-11,58%,-20.63°,-46.0°,56.57°F,2.84 mph
311,Zherdevka,17%,RU,2019-07-11,93%,51.84°,41.47°,52.79°F,5.61 mph
312,Pisco,0%,PE,2019-07-11,30%,-13.71°,-76.2°,71.6°F,5.82 mph
313,Vila Franca do Campo,20%,PT,2019-07-11,83%,37.72°,-25.43°,69.8°F,4.7 mph
314,Klyuchi,0%,RU,2019-07-11,80%,52.25°,79.17°,58.01°F,9.08 mph
315,Alexandria,3%,RO,2019-07-11,82%,43.97°,25.33°,55.85°F,7.92 mph
316,Neosho,1%,US,2019-07-11,41%,43.31°,-88.52°,82.4°F,8.05 mph
317,Khorixas,0%,NA,2019-07-11,39%,-20.37°,14.96°,56.39°F,2.42 mph
318,Vanavara,0%,RU,2019-07-11,56%,60.35°,102.28°,60.89°F,7.11 mph
319,Opuwo,0%,NA,2019-07-11,57%,-18.06°,13.84°,46.85°F,1.59 mph
320,Quatre Cocos,20%,MU,2019-07-11,88%,-20.21°,57.76°,68.0°F,4.7 mph
321,Birjand,0%,IR,2019-07-11,22%,32.86°,59.22°,77.0°F,4.7 mph
322,Saint-Pierre,0%,FR,2019-07-11,64%,48.95°,4.24°,68.0°F,4.7 mph
323,Mezen,100%,RU,2019-07-11,95%,65.85°,44.24°,38.75°F,13.89 mph
324,Hambantota,97%,LK,2019-07-11,81%,6.12°,81.12°,82.13°F,14.07 mph
325,Poum,26%,MK,2019-07-11,81%,41.28°,20.71°,49.91°F,4.0 mph
326,Makhachkala,40%,RU,2019-07-11,88%,42.98°,47.5°,73.4°F,3.42 mph
327,Salmas,0%,IR,2019-07-11,48%,38.2°,44.77°,66.2°F,6.93 mph
328,Permet,61%,AL,2019-07-11,83%,40.23°,20.35°,57.83°F,2.3 mph
329,Madera,1%,US,2019-07-11,22%,36.96°,-120.06°,100.99°F,10.29 mph
330,Tignere,100%,CM,2019-07-11,96%,7.37°,12.65°,63.95°F,3.85 mph
331,Gimli,87%,CA,2019-07-11,44%,50.63°,-96.99°,84.0°F,8.99 mph
332,Gorontalo,83%,ID,2019-07-11,88%,0.54°,123.06°,77.09°F,5.91 mph
333,Mahanoro,30%,MG,2019-07-11,93%,-19.9°,48.8°,62.33°F,1.88 mph
334,Wamba,100%,CD,2019-07-11,98%,2.14°,27.99°,66.29°F,2.21 mph
335,Ixtapa,75%,MX,2019-07-11,70%,20.71°,-105.21°,86.0°F,11.41 mph
336,Seoul,90%,KR,2019-07-11,88%,37.57°,126.98°,71.6°F,1.12 mph
337,Broome,89%,GB,2019-07-11,88%,52.47°,1.45°,64.99°F,4.7 mph
338,Druzhba,2%,UA,2019-07-11,67%,49.36°,25.65°,59.0°F,7.92 mph
339,Luena,0%,AO,2019-07-11,45%,-11.78°,19.91°,51.71°F,2.39 mph
340,Saint-Junien,0%,FR,2019-07-11,60%,45.89°,0.9°,69.8°F,4.7 mph
341,Cizre,0%,TR,2019-07-11,28%,37.33°,42.19°,73.85°F,3.98 mph
342,Saldanha,0%,PT,2019-07-11,49%,41.42°,-6.55°,74.57°F,3.11 mph
343,Okhotsk,39%,RU,2019-07-11,56%,59.36°,143.24°,69.53°F,3.09 mph
344,Tadine,53%,NC,2019-07-11,69%,-21.55°,167.88°,71.33°F,16.58 mph
345,Kerouane,93%,GN,2019-07-11,94%,12.23°,-12.34°,74.39°F,4.61 mph
346,Padang,75%,ID,2019-07-11,94%,-0.92°,100.36°,75.2°F,2.24 mph
347,Mao,20%,DO,2019-07-11,52%,19.55°,-71.08°,89.01°F,11.41 mph
348,Palamos,0%,ES,2019-07-11,83%,41.85°,3.13°,77.0°F,1.12 mph
349,Codrington,0%,AU,2019-07-11,87%,-28.95°,153.24°,62.01°F,6.93 mph
350,Quballat,20%,TN,2019-07-11,73%,36.54°,9.66°,77.0°F,2.24 mph
351,Dudinka,0%,RU,2019-07-11,71%,69.41°,86.18°,53.6°F,8.95 mph
352,Payson,1%,US,2019-07-11,35%,40.04°,-111.73°,96.8°F,8.05 mph
353,Ternate,75%,PH,2019-07-11,88%,14.29°,120.72°,84.0°F,2.24 mph
354,Shelburne,20%,CA,2019-07-11,60%,44.08°,-80.2°,72.0°F,14.99 mph
355,Luderitz,0%,NA,2019-07-11,87%,-26.65°,15.16°,55.31°F,15.7 mph
356,Huarmey,2%,PE,2019-07-11,90%,-10.07°,-78.15°,63.05°F,14.45 mph
357,Mardan,0%,PK,2019-07-11,60%,34.19°,72.05°,84.47°F,0.45 mph
358,San Pedro,100%,AR,2019-07-11,86%,-33.68°,-59.66°,57.0°F,5.01 mph
359,Kargil,92%,PK,2019-07-11,64%,34.56°,76.13°,51.17°F,3.78 mph
360,Sitka,56%,US,2019-07-11,46%,37.17°,-99.65°,88.0°F,4.0 mph
361,Richards Bay,0%,ZA,2019-07-11,55%,-28.77°,32.06°,69.89°F,14.67 mph
362,Cocorit,18%,MX,2019-07-11,20%,27.57°,-109.96°,102.83°F,14.07 mph
363,Biabou,40%,VC,2019-07-11,74%,13.2°,-61.13°,84.2°F,9.17 mph
364,Tangkak,75%,MY,2019-07-11,88%,2.27°,102.54°,77.0°F,3.36 mph
365,Verkhnyaya Inta,96%,RU,2019-07-11,87%,65.99°,60.32°,51.17°F,16.73 mph
366,Ankazobe,75%,MG,2019-07-11,87%,-18.32°,47.12°,59.0°F,5.82 mph
367,Kadoma,75%,JP,2019-07-11,94%,34.73°,135.6°,75.0°F,1.12 mph
368,Iisalmi,0%,FI,2019-07-11,87%,63.56°,27.19°,50.0°F,3.36 mph
369,Hermosillo,40%,MX,2019-07-11,10%,29.09°,-110.96°,111.0°F,9.17 mph
370,Margate,75%,AU,2019-07-11,70%,-43.03°,147.26°,46.4°F,14.99 mph
371,Taoudenni,29%,ML,2019-07-11,19%,22.68°,-3.98°,98.15°F,4.68 mph
372,Manyana,40%,AU,2019-07-11,54%,-35.26°,150.51°,61.0°F,6.93 mph
373,Yulara,100%,AU,2019-07-11,41%,-25.24°,130.99°,42.8°F,5.82 mph
374,Kutum,100%,SD,2019-07-11,78%,14.2°,24.66°,67.37°F,12.41 mph
375,Pernem,100%,IN,2019-07-11,86%,15.72°,73.8°,80.33°F,9.33 mph
376,Linhares,61%,BR,2019-07-11,91%,-19.38°,-40.06°,64.67°F,1.99 mph
377,Manokwari,0%,ID,2019-07-11,72%,-0.87°,134.08°,77.99°F,2.17 mph
378,Hokitika,100%,NZ,2019-07-11,89%,-42.72°,170.96°,51.89°F,14.92 mph
379,Diamantino,0%,BR,2019-07-11,43%,-14.4°,-56.44°,70.97°F,3.13 mph
380,Esso,68%,RU,2019-07-11,64%,55.93°,158.7°,54.05°F,6.85 mph
381,Salina,1%,US,2019-07-11,45%,38.84°,-97.61°,88.0°F,6.93 mph
382,Biak,100%,ID,2019-07-11,96%,-0.91°,122.88°,64.49°F,5.53 mph
383,Abilene,20%,US,2019-07-11,49%,32.45°,-99.73°,95.0°F,10.29 mph
384,Kohat,0%,PK,2019-07-11,68%,33.6°,71.44°,77.27°F,4.23 mph
385,Alice Springs,100%,AU,2019-07-11,52%,-23.7°,133.88°,44.6°F,4.7 mph
386,Traverse City,90%,US,2019-07-11,68%,44.76°,-85.62°,70.0°F,4.7 mph
387,Ulladulla,40%,AU,2019-07-11,54%,-35.36°,150.48°,60.01°F,6.93 mph
388,Coquimbo,9%,CL,2019-07-11,91%,-29.95°,-71.34°,54.05°F,13.35 mph
389,Marsa Matruh,0%,EG,2019-07-11,53%,31.35°,27.25°,77.0°F,5.82 mph
390,Deputatskiy,68%,RU,2019-07-11,57%,69.3°,139.9°,68.45°F,8.84 mph
391,Byron Bay,0%,AU,2019-07-11,76%,-28.65°,153.62°,64.0°F,1.12 mph
392,Pavlodar,0%,KZ,2019-07-11,87%,52.28°,76.96°,55.4°F,8.95 mph
393,General Roca,40%,AR,2019-07-11,71%,-39.03°,-67.58°,50.0°F,4.7 mph
394,Sagaing,75%,MM,2019-07-11,88%,21.88°,95.98°,78.8°F,13.87 mph
395,Palimbang,40%,PH,2019-07-11,88%,14.9°,120.78°,84.0°F,2.24 mph
396,Ewa Beach,40%,US,2019-07-11,52%,21.32°,-158.01°,89.6°F,12.75 mph
397,Harper,1%,US,2019-07-11,36%,30.3°,-99.24°,93.2°F,10.29 mph
398,Turayf,0%,SA,2019-07-11,39%,31.68°,38.65°,80.6°F,13.87 mph
399,Oriximina,84%,BR,2019-07-11,72%,-1.77°,-55.87°,80.69°F,3.83 mph
400,Butterworth,75%,MY,2019-07-11,83%,5.4°,100.37°,78.8°F,3.36 mph
401,Flin Flon,90%,CA,2019-07-11,77%,54.77°,-101.88°,60.8°F,6.93 mph
402,Daru,100%,PG,2019-07-11,67%,-9.07°,143.21°,77.81°F,10.69 mph
403,Mecca,56%,SA,2019-07-11,27%,21.43°,39.83°,82.49°F,3.94 mph
404,Kota Tinggi,75%,MY,2019-07-11,83%,1.73°,103.9°,82.4°F,8.05 mph
405,Hasaki,75%,JP,2019-07-11,100%,35.73°,140.83°,68.0°F,4.7 mph
406,Chokurdakh,100%,RU,2019-07-11,79%,70.62°,147.9°,56.21°F,8.75 mph
407,Mmathubudukwane,0%,BW,2019-07-11,43%,-24.61°,26.43°,50.0°F,4.7 mph
408,Plettenberg Bay,95%,ZA,2019-07-11,80%,-34.05°,23.37°,57.11°F,4.85 mph
409,Maues,34%,BR,2019-07-11,74%,-3.38°,-57.72°,76.73°F,1.5 mph
410,Abu Dhabi,0%,AE,2019-07-11,45%,24.47°,54.37°,89.6°F,2.24 mph
411,Fulton,90%,US,2019-07-11,54%,38.85°,-91.95°,82.99°F,9.17 mph
412,Strezhevoy,40%,RU,2019-07-11,72%,60.73°,77.6°,68.0°F,6.71 mph
413,Marabba,100%,SD,2019-07-11,60%,12.35°,32.18°,78.53°F,10.33 mph
414,Guangyuan,70%,CN,2019-07-11,94%,32.43°,105.86°,68.0°F,3.4 mph
415,Berlevag,0%,NO,2019-07-11,81%,70.86°,29.09°,43.97°F,6.76 mph
416,San Jose,75%,HN,2019-07-11,54%,14.25°,-87.96°,82.4°F,16.11 mph
417,San Andres,71%,PH,2019-07-11,79%,13.32°,122.68°,82.67°F,3.53 mph
418,Alliston,20%,CA,2019-07-11,60%,44.15°,-79.87°,80.01°F,14.99 mph
419,Sabancuy,66%,MX,2019-07-11,68%,18.97°,-91.18°,85.55°F,9.04 mph
420,Ambilobe,29%,MG,2019-07-11,77%,-13.19°,49.05°,69.89°F,7.25 mph
421,Hirara,20%,JP,2019-07-11,88%,24.8°,125.28°,84.2°F,10.29 mph
422,Winnemucca,1%,US,2019-07-11,11%,40.97°,-117.74°,98.6°F,12.75 mph
423,Inongo,100%,CD,2019-07-11,74%,-1.93°,18.29°,74.75°F,3.2 mph
424,Galesburg,40%,US,2019-07-11,58%,40.95°,-90.37°,86.0°F,11.41 mph
425,Walvis Bay,0%,NA,2019-07-11,93%,-22.95°,14.51°,60.8°F,3.36 mph
426,Leopoldina,0%,BR,2019-07-11,74%,-21.53°,-42.64°,59.0°F,1.01 mph
427,Inhambane,0%,MZ,2019-07-11,90%,-23.87°,35.38°,58.73°F,3.47 mph
428,Maniitsoq,10%,GL,2019-07-11,90%,65.42°,-52.9°,44.33°F,2.33 mph
429,Salina Cruz,100%,MX,2019-07-11,76%,16.18°,-95.2°,81.77°F,9.64 mph
430,Aripuana,35%,BR,2019-07-11,63%,-9.17°,-60.63°,77.63°F,0.92 mph
431,Rafaela,100%,AR,2019-07-11,57%,-31.25°,-61.49°,66.99°F,1.01 mph
432,Miracema do Tocantins,69%,BR,2019-07-11,51%,-9.56°,-48.4°,77.63°F,3.74 mph
433,Jumla,100%,NP,2019-07-11,98%,29.28°,82.18°,55.67°F,1.07 mph
434,Oudtshoorn,84%,ZA,2019-07-11,76%,-33.59°,22.2°,57.2°F,8.05 mph
435,Mosjoen,69%,NO,2019-07-11,87%,65.84°,13.19°,51.8°F,5.82 mph
436,Le Mars,1%,US,2019-07-11,48%,42.79°,-96.17°,84.2°F,5.82 mph
437,Cambrils,0%,ES,2019-07-11,83%,41.07°,1.07°,75.99°F,5.82 mph
438,Aguimes,20%,ES,2019-07-11,73%,27.91°,-15.45°,71.6°F,14.99 mph
439,Byumba,73%,RW,2019-07-11,80%,-1.58°,30.06°,56.03°F,3.15 mph
440,Along,100%,IN,2019-07-11,98%,28.17°,94.8°,57.83°F,1.36 mph
441,Pangnirtung,90%,CA,2019-07-11,40%,66.15°,-65.72°,69.8°F,13.87 mph
442,Cherskiy,100%,RU,2019-07-11,43%,68.75°,161.3°,76.37°F,5.95 mph
443,Parkes,58%,AU,2019-07-11,76%,-33.14°,148.18°,51.01°F,1.01 mph
444,Cam Ranh,20%,VN,2019-07-11,78%,11.92°,109.15°,80.6°F,3.36 mph
445,Kamina,0%,CD,2019-07-11,40%,-8.74°,25.0°,62.15°F,5.39 mph
446,Lagos,40%,NG,2019-07-11,94%,6.46°,3.39°,77.0°F,5.82 mph
447,Evensk,0%,RU,2019-07-11,44%,61.92°,159.24°,77.09°F,3.67 mph
448,Sombrio,96%,BR,2019-07-11,84%,-29.11°,-49.63°,54.77°F,1.74 mph
449,Kuytun,100%,RU,2019-07-11,93%,54.34°,101.51°,56.93°F,10.67 mph
450,Kirovskiy,100%,RU,2019-07-11,77%,45.09°,133.51°,67.73°F,3.33 mph
451,Puerto Wilches,20%,CO,2019-07-11,52%,7.35°,-73.9°,91.4°F,2.24 mph
452,Sovetskiy,98%,RU,2019-07-11,96%,56.76°,48.47°,52.79°F,8.23 mph
453,Iqaluit,90%,CA,2019-07-11,76%,63.75°,-68.52°,50.0°F,11.41 mph
454,Souillac,0%,FR,2019-07-11,52%,45.6°,-0.6°,69.8°F,4.7 mph
455,Lithgow,40%,AU,2019-07-11,62%,-33.48°,150.16°,57.99°F,11.41 mph
456,Itoman,75%,JP,2019-07-11,89%,26.12°,127.67°,84.2°F,8.05 mph
457,Smithers,75%,CA,2019-07-11,56%,54.78°,-127.17°,69.8°F,3.36 mph
458,Adrar,12%,DZ,2019-07-11,17%,27.87°,-0.29°,100.4°F,12.75 mph
459,Joshimath,95%,IN,2019-07-11,94%,30.57°,79.57°,55.49°F,1.59 mph
460,Belaya Gora,100%,RU,2019-07-11,64%,68.54°,146.19°,69.35°F,12.33 mph
461,Abalak,97%,NE,2019-07-11,31%,15.46°,6.28°,93.11°F,20.58 mph
462,Novyy Nekouz,41%,RU,2019-07-11,71%,57.91°,38.06°,42.35°F,3.94 mph
463,Ullapool,99%,GB,2019-07-11,90%,57.9°,-5.16°,59.0°F,2.42 mph
464,Gamba,100%,CN,2019-07-11,76%,28.28°,88.52°,42.35°F,3.65 mph
465,Sao Filipe,6%,CV,2019-07-11,86%,14.9°,-24.5°,72.05°F,17.94 mph
466,Komsomolskiy,97%,RU,2019-07-11,94%,67.55°,63.78°,54.77°F,12.8 mph
467,Ellensburg,1%,US,2019-07-11,39%,47.0°,-120.55°,87.01°F,17.22 mph
468,Miles City,1%,US,2019-07-11,29%,46.41°,-105.84°,91.4°F,12.75 mph
469,Mount Gambier,75%,AU,2019-07-11,87%,-37.83°,140.78°,50.0°F,17.22 mph
470,Ipixuna,40%,BR,2019-07-11,88%,-1.76°,-48.8°,77.0°F,9.17 mph
471,Khandyga,0%,RU,2019-07-11,30%,62.65°,135.58°,83.57°F,12.46 mph
472,Araouane,4%,ML,2019-07-11,31%,18.9°,-3.53°,93.11°F,13.69 mph
473,Narrabri,0%,AU,2019-07-11,81%,-30.33°,149.78°,50.0°F,5.82 mph
474,Mutoko,71%,ZW,2019-07-11,57%,-17.4°,32.23°,44.15°F,2.06 mph
475,Oceanside,1%,US,2019-07-11,54%,33.2°,-117.38°,91.99°F,9.17 mph
476,Pacific Grove,1%,US,2019-07-11,60%,36.62°,-121.92°,90.0°F,14.99 mph
477,Karmala,100%,IN,2019-07-11,87%,18.41°,75.19°,74.03°F,7.94 mph
478,Soma,75%,JP,2019-07-11,93%,37.8°,140.92°,64.4°F,3.36 mph
479,Ornskoldsvik,87%,SE,2019-07-11,71%,63.29°,18.72°,51.8°F,1.12 mph
480,Sorong,85%,ID,2019-07-11,81%,-0.86°,131.25°,78.53°F,12.26 mph
481,Yeppoon,40%,AU,2019-07-11,87%,-23.13°,150.74°,57.2°F,2.95 mph
482,Belmonte,0%,PT,2019-07-11,79%,40.36°,-7.35°,80.01°F,2.84 mph
483,Larap,52%,PH,2019-07-11,75%,14.3°,122.65°,83.75°F,4.63 mph
484,Lufilufi,40%,WS,2019-07-11,79%,-13.87°,-171.6°,86.0°F,5.82 mph
485,Diapaga,79%,BF,2019-07-11,71%,12.07°,1.79°,80.33°F,6.93 mph
486,Taganak,75%,PH,2019-07-11,100%,6.08°,118.3°,75.2°F,1.12 mph
487,Magadan,0%,RU,2019-07-11,80%,59.56°,150.8°,54.41°F,3.11 mph
488,Muisne,40%,EC,2019-07-11,79%,0.61°,-80.02°,84.2°F,10.29 mph
489,Lubango,0%,AO,2019-07-11,60%,-14.92°,13.49°,57.29°F,1.68 mph
490,Katobu,7%,ID,2019-07-11,77%,-4.94°,122.53°,77.27°F,6.89 mph
491,Wanning,75%,AT,2019-07-11,87%,48.64°,13.53°,60.01°F,6.93 mph
492,Kahului,20%,US,2019-07-11,40%,20.89°,-156.47°,91.4°F,16.11 mph
493,Imeni Poliny Osipenko,100%,RU,2019-07-11,96%,52.42°,136.49°,59.45°F,5.59 mph
494,Bundaberg,0%,AU,2019-07-11,62%,-24.87°,152.35°,73.0°F,6.93 mph
495,Mongo,95%,CD,2019-07-11,81%,-5.62°,14.6°,68.09°F,6.38 mph
496,Comodoro Rivadavia,0%,AR,2019-07-11,70%,-45.87°,-67.48°,46.4°F,2.24 mph
497,Petawawa,40%,CA,2019-07-11,83%,45.89°,-77.27°,79.0°F,7.52 mph
498,Cayenne,64%,GF,2019-07-11,94%,4.94°,-52.33°,75.2°F,2.24 mph
499,Kysyl-Syr,61%,RU,2019-07-11,54%,63.9°,122.77°,77.09°F,3.91 mph
500,Mahajanga,20%,MG,2019-07-11,88%,-15.72°,46.32°,73.4°F,2.24 mph
501,Sur,70%,OM,2019-07-11,55%,22.57°,59.53°,82.49°F,10.92 mph
502,Mwinilunga,0%,ZM,2019-07-11,41%,-11.73°,24.43°,53.51°F,5.82 mph
503,Terme,75%,TR,2019-07-11,88%,41.21°,36.97°,68.0°F,11.41 mph
504,Namasuba,75%,UG,2019-07-11,83%,0.69°,32.42°,64.67°F,3.0 mph
505,Sabang,17%,PH,2019-07-11,80%,13.8°,121.11°,81.59°F,2.13 mph
506,Aksarka,95%,RU,2019-07-11,87%,66.56°,67.8°,58.01°F,12.46 mph
507,Baijiantan,18%,CN,2019-07-11,35%,45.63°,85.18°,70.25°F,0.49 mph
508,Kapiri Mposhi,0%,ZM,2019-07-11,53%,-13.97°,28.68°,46.49°F,5.21 mph
509,Naze,100%,NG,2019-07-11,97%,5.43°,7.07°,72.05°F,3.31 mph
510,Mountain Home,1%,US,2019-07-11,16%,43.13°,-115.69°,95.0°F,12.75 mph
511,Ponta Delgada,20%,PT,2019-07-11,83%,37.73°,-25.67°,69.8°F,4.7 mph
512,Teya,90%,MX,2019-07-11,66%,21.05°,-89.07°,88.0°F,11.41 mph
513,Hongjiang,100%,CN,2019-07-11,99%,27.21°,109.83°,69.35°F,2.15 mph
514,Johnson City,20%,US,2019-07-11,88%,36.31°,-82.35°,75.2°F,2.84 mph
515,Qaqortoq,20%,GL,2019-07-11,58%,60.72°,-46.03°,53.6°F,8.05 mph
516,Ituporanga,68%,BR,2019-07-11,95%,-27.41°,-49.6°,55.99°F,1.3 mph
517,Waingapu,43%,ID,2019-07-11,77%,-9.65°,120.26°,72.23°F,13.24 mph
518,Nishihara,75%,JP,2019-07-11,100%,35.74°,139.53°,71.01°F,11.41 mph
519,Yaan,83%,NG,2019-07-11,94%,7.38°,8.57°,71.33°F,3.04 mph
520,Piacabucu,7%,BR,2019-07-11,89%,-10.41°,-36.43°,73.85°F,9.37 mph
521,Bonoua,20%,CI,2019-07-11,94%,5.27°,-3.6°,75.2°F,3.36 mph
522,Rio Gallegos,90%,AR,2019-07-11,100%,-51.62°,-69.22°,39.2°F,15.32 mph
523,Wuwei,66%,CN,2019-07-11,38%,37.93°,102.64°,70.79°F,4.52 mph
524,Aswan,0%,EG,2019-07-11,22%,24.09°,32.9°,89.6°F,4.7 mph
525,Rantepao,28%,ID,2019-07-11,92%,-2.97°,119.9°,61.43°F,3.0 mph
526,Masuguru,0%,MZ,2019-07-11,74%,-11.38°,38.46°,65.03°F,4.72 mph
527,Villanueva de Cordoba,0%,ES,2019-07-11,51%,38.32°,-4.63°,82.4°F,11.41 mph
528,Nhulunbuy,90%,AU,2019-07-11,94%,-12.18°,136.78°,73.4°F,5.82 mph
529,Karratha,0%,AU,2019-07-11,25%,-20.74°,116.85°,70.43°F,15.32 mph
530,Vanimo,64%,PG,2019-07-11,75%,-2.67°,141.3°,80.15°F,3.04 mph
531,Osasco,0%,BR,2019-07-11,59%,-23.53°,-46.79°,66.2°F,4.7 mph
532,Humaita,0%,AR,2019-07-11,77%,-24.93°,-65.37°,66.2°F,5.82 mph
533,Necochea,100%,AR,2019-07-11,87%,-38.55°,-58.74°,48.99°F,1.99 mph
534,Kastamonu,75%,TR,2019-07-11,99%,41.38°,33.78°,50.27°F,2.91 mph
535,Nenjiang,99%,CN,2019-07-11,88%,49.17°,125.23°,69.17°F,4.43 mph
536,Kuito,0%,AO,2019-07-11,32%,-12.38°,16.94°,52.07°F,3.76 mph
537,Ilhabela,11%,BR,2019-07-11,73%,-23.78°,-45.36°,69.17°F,8.55 mph
538,Ardalstangen,66%,NO,2019-07-11,97%,61.24°,7.7°,57.0°F,2.3 mph
539,Orange Cove,1%,US,2019-07-11,32%,36.62°,-119.31°,100.99°F,8.05 mph
540,Ritchie,0%,ZA,2019-07-11,46%,-29.03°,24.6°,53.6°F,2.06 mph
541,Tautira,75%,PF,2019-07-11,66%,-17.73°,-149.15°,84.2°F,13.87 mph
542,Sorland,11%,NO,2019-07-11,87%,67.67°,12.69°,48.65°F,23.76 mph
543,Ozinki,100%,RU,2019-07-11,93%,51.2°,49.73°,61.79°F,0.78 mph
544,Kobryn,48%,BY,2019-07-11,89%,52.21°,24.36°,52.43°F,5.66 mph
545,Antanifotsy,60%,MG,2019-07-11,96%,-19.66°,47.32°,45.59°F,4.76 mph
546,Maningrida,24%,AU,2019-07-11,61%,-12.05°,134.23°,77.99°F,9.31 mph
547,Tinglev,75%,DK,2019-07-11,93%,54.93°,9.25°,61.0°F,2.24 mph
548,Yerbogachen,77%,RU,2019-07-11,64%,61.28°,108.01°,63.95°F,8.48 mph
549,Buala,93%,SB,2019-07-11,76%,-8.15°,159.59°,82.85°F,14.27 mph
550,Luganville,90%,VU,2019-07-11,83%,-15.51°,167.18°,80.6°F,11.41 mph
551,Manta,3%,RO,2019-07-11,77%,45.1°,24.1°,51.35°F,4.32 mph
552,Praya,20%,ID,2019-07-11,100%,-8.71°,116.27°,68.0°F,1.12 mph
553,Berdychiv,0%,UA,2019-07-11,95%,49.89°,28.58°,50.09°F,7.34 mph
554,Pedasi,86%,PA,2019-07-11,88%,7.53°,-80.03°,76.37°F,0.96 mph
555,Damietta,0%,EG,2019-07-11,79%,31.42°,31.81°,84.2°F,8.05 mph
556,Pathein,100%,MM,2019-07-11,90%,16.78°,94.73°,79.61°F,6.24 mph
557,Cazzago San Martino,40%,IT,2019-07-11,78%,45.58°,10.03°,75.2°F,5.82 mph
558,Nueva Gerona,100%,CU,2019-07-11,69%,21.88°,-82.8°,84.11°F,7.74 mph
559,Pochutla,40%,MX,2019-07-11,66%,15.74°,-96.47°,86.0°F,6.93 mph
560,Fortuna,20%,US,2019-07-11,77%,40.6°,-124.16°,68.0°F,16.11 mph
561,Nemuro,100%,JP,2019-07-11,85%,43.32°,145.57°,56.03°F,15.7 mph
562,Mbigou,100%,GA,2019-07-11,92%,-1.9°,11.91°,67.55°F,2.04 mph
563,Campbell River,75%,CA,2019-07-11,64%,50.02°,-125.24°,72.0°F,5.82 mph
564,Northam,20%,AU,2019-07-11,93%,-31.65°,116.67°,44.6°F,1.12 mph
565,Sinnamary,0%,GF,2019-07-11,81%,5.38°,-52.96°,81.23°F,15.9 mph
566,Kathu,0%,ZA,2019-07-11,51%,-27.7°,23.05°,39.99°F,3.36 mph
567,Kharan,0%,PK,2019-07-11,57%,28.58°,65.42°,81.41°F,5.61 mph
568,Aykhal,90%,RU,2019-07-11,87%,65.95°,111.51°,59.0°F,2.24 mph
569,Bom Jesus,40%,BR,2019-07-11,88%,-5.99°,-35.58°,75.2°F,3.36 mph
570,Pierre,1%,US,2019-07-11,46%,44.37°,-100.35°,91.99°F,16.11 mph
